#node1	node2	node1_string_id	node2_string_id	homology	experimentally_determined_interaction	database_annotated	automated_textmining	combined_score
APC	DVL2	9606.ENSP00000257430	9606.ENSP00000005340	0	0.434	0.900	0	0.940
APC	RBX1	9606.ENSP00000257430	9606.ENSP00000216225	0	0	0.500	0	0.499
APC	CSNK2A1	9606.ENSP00000257430	9606.ENSP00000217244	0	0.550	0	0	0.550
APC	WNT3	9606.ENSP00000257430	9606.ENSP00000225512	0	0	0.720	0	0.720
APC	SKP1	9606.ENSP00000257430	9606.ENSP00000231487	0	0	0.900	0	0.900
APC	TCF7	9606.ENSP00000257430	9606.ENSP00000340347	0	0	0.500	0	0.499
APC	LEF1	9606.ENSP00000257430	9606.ENSP00000265165	0	0	0.500	0	0.499
APC	TCF7L2	9606.ENSP00000257430	9606.ENSP00000486891	0	0	0.500	0	0.499
APC	TCF7L1	9606.ENSP00000257430	9606.ENSP00000282111	0	0	0.500	0	0.499
APC	FZD1	9606.ENSP00000257430	9606.ENSP00000287934	0	0	0.540	0	0.540
APC	WNT2	9606.ENSP00000257430	9606.ENSP00000265441	0	0	0.540	0	0.540
APC	CUL1	9606.ENSP00000257430	9606.ENSP00000326804	0	0	0.500	0	0.499
APC	LRP6	9606.ENSP00000257430	9606.ENSP00000261349	0	0	0.720	0	0.720
APC	LRP5	9606.ENSP00000257430	9606.ENSP00000294304	0	0	0.720	0	0.720
APC	CSNK1E	9606.ENSP00000257430	9606.ENSP00000380044	0	0.564	0	0	0.564
APC	CTBP1	9606.ENSP00000257430	9606.ENSP00000290921	0	0.457	0.800	0	0.886
APC	APC2	9606.ENSP00000257430	9606.ENSP00000442954	0	0	0.900	0	0.900
APC	TBL1XR1	9606.ENSP00000257430	9606.ENSP00000405574	0	0	0.900	0	0.900
APC	DVL3	9606.ENSP00000257430	9606.ENSP00000316054	0	0	0.900	0	0.900
APC	TBL1X	9606.ENSP00000257430	9606.ENSP00000495556	0	0	0.900	0	0.900
APC	CACYBP	9606.ENSP00000257430	9606.ENSP00000356652	0	0	0.900	0	0.900
APC	TBL1Y	9606.ENSP00000257430	9606.ENSP00000372499	0	0	0.900	0	0.900
APC	CTNNBIP1	9606.ENSP00000257430	9606.ENSP00000366474	0	0.671	0.720	0	0.904
APC	SIAH1	9606.ENSP00000257430	9606.ENSP00000349156	0	0.549	0.900	0	0.952
APC	DVL1	9606.ENSP00000257430	9606.ENSP00000368166	0	0.457	0.900	0	0.943
APC	BTRC	9606.ENSP00000257430	9606.ENSP00000359206	0	0.564	0.800	0	0.909
APC	AXIN2	9606.ENSP00000257430	9606.ENSP00000302625	0	0.296	0.900	0	0.926
APC	CTNNB1	9606.ENSP00000257430	9606.ENSP00000495360	0	0.975	0.900	0	0.997
APC	GSK3B	9606.ENSP00000257430	9606.ENSP00000324806	0	0.564	0.900	0	0.954
APC	AXIN1	9606.ENSP00000257430	9606.ENSP00000262320	0	0.960	0.900	0	0.995
APC2	DVL2	9606.ENSP00000442954	9606.ENSP00000005340	0	0	0.900	0	0.900
APC2	SKP1	9606.ENSP00000442954	9606.ENSP00000231487	0	0	0.900	0	0.900
APC2	AXIN1	9606.ENSP00000442954	9606.ENSP00000262320	0	0.047	0.900	0	0.900
APC2	AXIN2	9606.ENSP00000442954	9606.ENSP00000302625	0	0.234	0.900	0	0.920
APC2	DVL3	9606.ENSP00000442954	9606.ENSP00000316054	0	0	0.900	0	0.900
APC2	GSK3B	9606.ENSP00000442954	9606.ENSP00000324806	0	0	0.800	0	0.800
APC2	SIAH1	9606.ENSP00000442954	9606.ENSP00000349156	0	0	0.540	0	0.540
APC2	CACYBP	9606.ENSP00000442954	9606.ENSP00000356652	0	0	0.540	0	0.540
APC2	CTNNBIP1	9606.ENSP00000442954	9606.ENSP00000366474	0	0.175	0.540	0	0.604
APC2	DVL1	9606.ENSP00000442954	9606.ENSP00000368166	0	0	0.900	0	0.900
APC2	TBL1Y	9606.ENSP00000442954	9606.ENSP00000372499	0	0	0.900	0	0.900
APC2	TBL1XR1	9606.ENSP00000442954	9606.ENSP00000405574	0	0	0.900	0	0.900
APC2	TBL1X	9606.ENSP00000442954	9606.ENSP00000495556	0	0	0.900	0	0.900
APC2	CTNNB1	9606.ENSP00000442954	9606.ENSP00000495360	0	0.625	0.900	0	0.960
AXIN1	DVL2	9606.ENSP00000262320	9606.ENSP00000005340	0	0.950	0.900	0	0.994
AXIN1	RBX1	9606.ENSP00000262320	9606.ENSP00000216225	0	0	0.500	0	0.499
AXIN1	SKP1	9606.ENSP00000262320	9606.ENSP00000231487	0	0	0.500	0	0.499
AXIN1	LRP6	9606.ENSP00000262320	9606.ENSP00000261349	0	0.457	0.500	0	0.716
AXIN1	WNT1	9606.ENSP00000262320	9606.ENSP00000293549	0	0	0.500	0	0.499
AXIN1	WNT8A	9606.ENSP00000262320	9606.ENSP00000426653	0	0	0.500	0	0.499
AXIN1	WNT8B	9606.ENSP00000262320	9606.ENSP00000340677	0	0	0.500	0	0.499
AXIN1	FZD5	9606.ENSP00000262320	9606.ENSP00000354607	0	0	0.500	0	0.499
AXIN1	WNT3A	9606.ENSP00000262320	9606.ENSP00000284523	0	0	0.500	0	0.499
AXIN1	TP53	9606.ENSP00000262320	9606.ENSP00000269305	0	0.457	0	0	0.457
AXIN1	FZD1	9606.ENSP00000262320	9606.ENSP00000287934	0	0	0.500	0	0.499
AXIN1	FZD2	9606.ENSP00000262320	9606.ENSP00000323901	0	0	0.500	0	0.499
AXIN1	CUL1	9606.ENSP00000262320	9606.ENSP00000326804	0	0	0.500	0	0.499
AXIN1	CTNNBIP1	9606.ENSP00000262320	9606.ENSP00000366474	0	0	0.720	0	0.720
AXIN1	FBXW11	9606.ENSP00000262320	9606.ENSP00000265094	0	0.457	0	0	0.457
AXIN1	CACYBP	9606.ENSP00000262320	9606.ENSP00000356652	0	0	0.900	0	0.900
AXIN1	CSNK1A1L	9606.ENSP00000262320	9606.ENSP00000369126	0	0	0.900	0	0.900
AXIN1	DVL3	9606.ENSP00000262320	9606.ENSP00000316054	0	0.457	0.900	0	0.943
AXIN1	CSNK1E	9606.ENSP00000262320	9606.ENSP00000380044	0	0.457	0.900	0	0.943
AXIN1	SIAH1	9606.ENSP00000262320	9606.ENSP00000349156	0	0.946	0.900	0	0.994
AXIN1	LRP5	9606.ENSP00000262320	9606.ENSP00000294304	0	0.457	0.500	0	0.716
AXIN1	BTRC	9606.ENSP00000262320	9606.ENSP00000359206	0	0.564	0.500	0	0.772
AXIN1	AXIN2	9606.ENSP00000262320	9606.ENSP00000302625	0	0.457	0.900	0	0.943
AXIN1	GSK3B	9606.ENSP00000262320	9606.ENSP00000324806	0	0.777	0.900	0	0.976
AXIN1	DVL1	9606.ENSP00000262320	9606.ENSP00000368166	0	0.457	0.900	0	0.943
AXIN1	CTNNB1	9606.ENSP00000262320	9606.ENSP00000495360	0	0.655	0.900	0	0.964
AXIN2	DVL2	9606.ENSP00000302625	9606.ENSP00000005340	0	0	0.900	0	0.900
AXIN2	CACYBP	9606.ENSP00000302625	9606.ENSP00000356652	0	0	0.540	0	0.540
AXIN2	CTNNBIP1	9606.ENSP00000302625	9606.ENSP00000366474	0	0	0.540	0	0.540
AXIN2	SIAH1	9606.ENSP00000302625	9606.ENSP00000349156	0	0.292	0.540	0	0.660
AXIN2	CSNK1E	9606.ENSP00000302625	9606.ENSP00000380044	0	0	0.900	0	0.900
AXIN2	CSNK1A1L	9606.ENSP00000302625	9606.ENSP00000369126	0	0	0.900	0	0.900
AXIN2	DVL3	9606.ENSP00000302625	9606.ENSP00000316054	0	0	0.900	0	0.900
AXIN2	DVL1	9606.ENSP00000302625	9606.ENSP00000368166	0	0	0.900	0	0.900
AXIN2	CTNNB1	9606.ENSP00000302625	9606.ENSP00000495360	0	0.490	0.900	0	0.946
AXIN2	GSK3B	9606.ENSP00000302625	9606.ENSP00000324806	0	0.779	0.900	0	0.976
BAMBI	FZD10	9606.ENSP00000364683	9606.ENSP00000229030	0	0	0.900	0	0.900
BAMBI	FZD3	9606.ENSP00000364683	9606.ENSP00000240093	0	0	0.900	0	0.900
BAMBI	LRP6	9606.ENSP00000364683	9606.ENSP00000261349	0	0.292	0.900	0	0.926
BAMBI	FZD7	9606.ENSP00000364683	9606.ENSP00000286201	0	0	0.900	0	0.900
BAMBI	FZD1	9606.ENSP00000364683	9606.ENSP00000287934	0	0	0.900	0	0.900
BAMBI	LRP5	9606.ENSP00000364683	9606.ENSP00000294304	0	0	0.900	0	0.900
BAMBI	FZD2	9606.ENSP00000364683	9606.ENSP00000323901	0	0	0.900	0	0.900
BAMBI	FZD9	9606.ENSP00000364683	9606.ENSP00000345785	0	0	0.900	0	0.900
BAMBI	FZD6	9606.ENSP00000364683	9606.ENSP00000351605	0	0	0.900	0	0.900
BAMBI	FZD5	9606.ENSP00000364683	9606.ENSP00000354607	0	0.292	0.900	0	0.926
BAMBI	FZD8	9606.ENSP00000364683	9606.ENSP00000363826	0	0	0.900	0	0.900
BAMBI	FZD4	9606.ENSP00000364683	9606.ENSP00000434034	0	0	0.900	0	0.900
BTRC	RBX1	9606.ENSP00000359206	9606.ENSP00000216225	0	0.886	0.900	0	0.988
BTRC	SKP1	9606.ENSP00000359206	9606.ENSP00000231487	0	0.970	0.900	0	0.996
BTRC	FBXW11	9606.ENSP00000359206	9606.ENSP00000265094	0	0.647	0.900	0	0.963
BTRC	LEF1	9606.ENSP00000359206	9606.ENSP00000265165	0	0	0.500	0	0.499
BTRC	TP53	9606.ENSP00000359206	9606.ENSP00000269305	0	0.457	0	0	0.457
BTRC	TCF7L1	9606.ENSP00000359206	9606.ENSP00000282111	0	0	0.500	0	0.499
BTRC	CTBP1	9606.ENSP00000359206	9606.ENSP00000290921	0	0	0.800	0	0.800
BTRC	GSK3B	9606.ENSP00000359206	9606.ENSP00000324806	0	0.507	0.500	0	0.743
BTRC	CUL1	9606.ENSP00000359206	9606.ENSP00000326804	0	0.969	0.900	0	0.996
BTRC	TCF7	9606.ENSP00000359206	9606.ENSP00000340347	0	0	0.500	0	0.499
BTRC	SMAD4	9606.ENSP00000359206	9606.ENSP00000341551	0	0.457	0	0	0.457
BTRC	CSNK2B	9606.ENSP00000359206	9606.ENSP00000365042	0	0.421	0	0	0.420
BTRC	TCF7L2	9606.ENSP00000359206	9606.ENSP00000486891	0	0	0.500	0	0.499
BTRC	CTNNB1	9606.ENSP00000359206	9606.ENSP00000495360	0	0.960	0.800	0	0.991
CACYBP	SKP1	9606.ENSP00000356652	9606.ENSP00000231487	0	0.657	0.900	0	0.964
CACYBP	GSK3B	9606.ENSP00000356652	9606.ENSP00000324806	0	0	0.900	0	0.900
CACYBP	SIAH1	9606.ENSP00000356652	9606.ENSP00000349156	0	0.960	0.900	0	0.995
CACYBP	TBL1X	9606.ENSP00000356652	9606.ENSP00000495556	0	0.657	0	0	0.657
CACYBP	CTNNBIP1	9606.ENSP00000356652	9606.ENSP00000366474	0	0	0.720	0	0.720
CACYBP	CTNNB1	9606.ENSP00000356652	9606.ENSP00000495360	0	0.657	0.720	0	0.899
CAMK2A	MAP3K7	9606.ENSP00000500386	9606.ENSP00000358335	0	0.136	0.700	0	0.729
CAMK2A	CAMK2B	9606.ENSP00000500386	9606.ENSP00000379098	0	0.889	0.900	0	0.988
CBY1	CTNNB1	9606.ENSP00000478962	9606.ENSP00000495360	0	0.457	0.900	0	0.943
CCND1	GSK3B	9606.ENSP00000227507	9606.ENSP00000324806	0	0.409	0	0	0.408
CCND1	CUL1	9606.ENSP00000227507	9606.ENSP00000326804	0	0.457	0	0	0.457
CCND1	EP300	9606.ENSP00000227507	9606.ENSP00000263253	0	0.457	0	0	0.457
CCND1	SKP1	9606.ENSP00000227507	9606.ENSP00000231487	0	0.886	0	0	0.886
CCND1	CCND3	9606.ENSP00000227507	9606.ENSP00000362082	0	0	0.900	0	0.900
CCND1	CCND2	9606.ENSP00000227507	9606.ENSP00000261254	0	0	0.900	0	0.900
CCND1	CREBBP	9606.ENSP00000227507	9606.ENSP00000262367	0	0.292	0.900	0	0.926
CCND2	CCND3	9606.ENSP00000261254	9606.ENSP00000362082	0	0	0.900	0	0.900
CCND3	CREBBP	9606.ENSP00000362082	9606.ENSP00000262367	0	0.611	0	0	0.611
CCND3	CTBP1	9606.ENSP00000362082	9606.ENSP00000290921	0	0.497	0	0	0.497
CHD8	RUVBL1	9606.ENSP00000495240	9606.ENSP00000318297	0	0.189	0.900	0	0.915
CHD8	CTNNB1	9606.ENSP00000495240	9606.ENSP00000495360	0	0.457	0.900	0	0.943
CREBBP	CSNK2A1	9606.ENSP00000262367	9606.ENSP00000217244	0	0.439	0	0	0.439
CREBBP	CTBP2	9606.ENSP00000262367	9606.ENSP00000311825	0	0.445	0	0	0.445
CREBBP	CTBP1	9606.ENSP00000262367	9606.ENSP00000290921	0	0.457	0	0	0.457
CREBBP	TBL1XR1	9606.ENSP00000262367	9606.ENSP00000405574	0	0	0.500	0	0.499
CREBBP	TBL1X	9606.ENSP00000262367	9606.ENSP00000495556	0	0	0.500	0	0.499
CREBBP	NFATC2	9606.ENSP00000262367	9606.ENSP00000379330	0	0.457	0	0	0.457
CREBBP	NLK	9606.ENSP00000262367	9606.ENSP00000384625	0	0.457	0	0	0.457
CREBBP	MYC	9606.ENSP00000262367	9606.ENSP00000478887	0	0.457	0	0	0.457
CREBBP	TCF7L1	9606.ENSP00000262367	9606.ENSP00000282111	0	0	0.900	0	0.900
CREBBP	TCF7	9606.ENSP00000262367	9606.ENSP00000340347	0	0	0.900	0	0.900
CREBBP	LEF1	9606.ENSP00000262367	9606.ENSP00000265165	0	0	0.900	0	0.900
CREBBP	TCF7L2	9606.ENSP00000262367	9606.ENSP00000486891	0	0	0.900	0	0.900
CREBBP	JUN	9606.ENSP00000262367	9606.ENSP00000360266	0	0.457	0	0	0.457
CREBBP	SMAD3	9606.ENSP00000262367	9606.ENSP00000332973	0	0.457	0	0	0.457
CREBBP	CTNNB1	9606.ENSP00000262367	9606.ENSP00000495360	0	0.457	0.500	0	0.716
CREBBP	EP300	9606.ENSP00000262367	9606.ENSP00000263253	0	0.457	0.900	0	0.943
CREBBP	TP53	9606.ENSP00000262367	9606.ENSP00000269305	0	0.960	0.700	0	0.987
CSNK1A1L	PRKACA	9606.ENSP00000369126	9606.ENSP00000309591	0	0	0.900	0	0.900
CSNK1A1L	PRKACB	9606.ENSP00000369126	9606.ENSP00000359719	0	0	0.900	0	0.900
CSNK1A1L	PRKACG	9606.ENSP00000369126	9606.ENSP00000366488	0	0	0.900	0	0.900
CSNK1A1L	CTNNB1	9606.ENSP00000369126	9606.ENSP00000495360	0	0	0.900	0	0.900
CSNK1E	DVL2	9606.ENSP00000380044	9606.ENSP00000005340	0	0.377	0.800	0	0.870
CSNK1E	PRKACA	9606.ENSP00000380044	9606.ENSP00000309591	0	0.165	0.900	0	0.912
CSNK1E	DVL3	9606.ENSP00000380044	9606.ENSP00000316054	0	0.621	0.800	0	0.920
CSNK1E	PRKACB	9606.ENSP00000380044	9606.ENSP00000359719	0	0	0.900	0	0.900
CSNK1E	PRKACG	9606.ENSP00000380044	9606.ENSP00000366488	0	0	0.900	0	0.900
CSNK1E	DVL1	9606.ENSP00000380044	9606.ENSP00000368166	0	0.457	0.800	0	0.886
CSNK1E	RNF43	9606.ENSP00000380044	9606.ENSP00000463069	0	0.457	0	0	0.457
CSNK2A1	DVL2	9606.ENSP00000217244	9606.ENSP00000005340	0	0.374	0.900	0	0.934
CSNK2A1	JUN	9606.ENSP00000217244	9606.ENSP00000360266	0	0.457	0	0	0.457
CSNK2A1	TP53	9606.ENSP00000217244	9606.ENSP00000269305	0	0.542	0	0	0.542
CSNK2A1	CSNK2A3	9606.ENSP00000217244	9606.ENSP00000473553	0	0	0.900	0	0.900
CSNK2A1	DVL3	9606.ENSP00000217244	9606.ENSP00000316054	0	0.452	0.900	0	0.942
CSNK2A1	DVL1	9606.ENSP00000217244	9606.ENSP00000368166	0	0.547	0.900	0	0.952
CSNK2A1	CSNK2A2	9606.ENSP00000217244	9606.ENSP00000262506	0	0.614	0.900	0	0.959
CSNK2A1	CSNK2B	9606.ENSP00000217244	9606.ENSP00000365042	0	0.976	0.900	0	0.997
CSNK2A2	DVL2	9606.ENSP00000262506	9606.ENSP00000005340	0	0	0.900	0	0.900
CSNK2A2	TP53	9606.ENSP00000262506	9606.ENSP00000269305	0	0.465	0	0	0.465
CSNK2A2	CSNK2A3	9606.ENSP00000262506	9606.ENSP00000473553	0	0	0.900	0	0.900
CSNK2A2	DVL3	9606.ENSP00000262506	9606.ENSP00000316054	0	0	0.900	0	0.900
CSNK2A2	DVL1	9606.ENSP00000262506	9606.ENSP00000368166	0	0	0.900	0	0.900
CSNK2A2	CSNK2B	9606.ENSP00000262506	9606.ENSP00000365042	0	0.693	0.900	0	0.967
CSNK2A3	DVL2	9606.ENSP00000473553	9606.ENSP00000005340	0	0	0.900	0	0.900
CSNK2A3	DVL3	9606.ENSP00000473553	9606.ENSP00000316054	0	0	0.900	0	0.900
CSNK2A3	CSNK2B	9606.ENSP00000473553	9606.ENSP00000365042	0	0.325	0.900	0	0.929
CSNK2A3	DVL1	9606.ENSP00000473553	9606.ENSP00000368166	0	0	0.900	0	0.900
CSNK2B	DVL2	9606.ENSP00000365042	9606.ENSP00000005340	0	0.162	0.900	0	0.912
CSNK2B	TP53	9606.ENSP00000365042	9606.ENSP00000269305	0	0.465	0	0	0.465
CSNK2B	DVL3	9606.ENSP00000365042	9606.ENSP00000316054	0	0	0.900	0	0.900
CSNK2B	DVL1	9606.ENSP00000365042	9606.ENSP00000368166	0	0	0.900	0	0.900
CTBP1	EP300	9606.ENSP00000290921	9606.ENSP00000263253	0	0.457	0	0	0.457
CTBP1	LEF1	9606.ENSP00000290921	9606.ENSP00000265165	0	0	0.500	0	0.499
CTBP1	TCF7L1	9606.ENSP00000290921	9606.ENSP00000282111	0	0	0.500	0	0.499
CTBP1	TCF7L2	9606.ENSP00000290921	9606.ENSP00000486891	0	0.457	0.500	0	0.716
CTBP1	TCF7	9606.ENSP00000290921	9606.ENSP00000340347	0	0	0.500	0	0.499
CTBP1	CTNNB1	9606.ENSP00000290921	9606.ENSP00000495360	0	0.457	0.800	0	0.886
CTBP1	CTBP2	9606.ENSP00000290921	9606.ENSP00000311825	0	0.639	0.900	0	0.962
CTBP2	EP300	9606.ENSP00000311825	9606.ENSP00000263253	0	0.592	0	0	0.592
CTBP2	TCF7L1	9606.ENSP00000311825	9606.ENSP00000282111	0	0.131	0.500	0	0.546
CTBP2	TCF7L2	9606.ENSP00000311825	9606.ENSP00000486891	0	0.131	0.500	0	0.546
CTNNB1	RBX1	9606.ENSP00000495360	9606.ENSP00000216225	0	0.292	0.500	0	0.630
CTNNB1	WNT3	9606.ENSP00000495360	9606.ENSP00000225512	0	0	0.720	0	0.720
CTNNB1	SKP1	9606.ENSP00000495360	9606.ENSP00000231487	0	0.928	0.500	0	0.962
CTNNB1	LRP6	9606.ENSP00000495360	9606.ENSP00000261349	0	0.457	0.720	0	0.841
CTNNB1	EP300	9606.ENSP00000495360	9606.ENSP00000263253	0	0.457	0.500	0	0.716
CTNNB1	FBXW11	9606.ENSP00000495360	9606.ENSP00000265094	0	0.492	0	0	0.492
CTNNB1	LEF1	9606.ENSP00000495360	9606.ENSP00000265165	0	0.961	0.900	0	0.996
CTNNB1	WNT2	9606.ENSP00000495360	9606.ENSP00000265441	0	0	0.540	0	0.540
CTNNB1	TCF7L1	9606.ENSP00000495360	9606.ENSP00000282111	0	0.729	0.900	0	0.971
CTNNB1	FZD1	9606.ENSP00000495360	9606.ENSP00000287934	0	0	0.540	0	0.540
CTNNB1	LRP5	9606.ENSP00000495360	9606.ENSP00000294304	0	0.292	0.720	0	0.793
CTNNB1	SOX17	9606.ENSP00000495360	9606.ENSP00000297316	0	0.292	0.500	0	0.630
CTNNB1	RUVBL1	9606.ENSP00000495360	9606.ENSP00000318297	0	0.457	0.900	0	0.943
CTNNB1	GSK3B	9606.ENSP00000495360	9606.ENSP00000324806	0	0.564	0.800	0	0.909
CTNNB1	PSEN1	9606.ENSP00000495360	9606.ENSP00000326366	0	0.457	0	0	0.457
CTNNB1	CUL1	9606.ENSP00000495360	9606.ENSP00000326804	0	0.457	0.500	0	0.716
CTNNB1	SMAD3	9606.ENSP00000495360	9606.ENSP00000332973	0	0.457	0.800	0	0.886
CTNNB1	TCF7	9606.ENSP00000495360	9606.ENSP00000340347	0	0.639	0.900	0	0.962
CTNNB1	SMAD4	9606.ENSP00000495360	9606.ENSP00000341551	0	0.292	0.500	0	0.630
CTNNB1	SIAH1	9606.ENSP00000495360	9606.ENSP00000349156	0	0.457	0.900	0	0.943
CTNNB1	DKK1	9606.ENSP00000495360	9606.ENSP00000363081	0	0.409	0	0	0.408
CTNNB1	CTNNBIP1	9606.ENSP00000495360	9606.ENSP00000366474	0	0.965	0.900	0	0.996
CTNNB1	DVL1	9606.ENSP00000495360	9606.ENSP00000368166	0	0.542	0.360	0	0.694
CTNNB1	TBL1XR1	9606.ENSP00000495360	9606.ENSP00000405574	0	0.457	0	0	0.457
CTNNB1	PRKCA	9606.ENSP00000495360	9606.ENSP00000408695	0	0.457	0	0	0.457
CTNNB1	MYC	9606.ENSP00000495360	9606.ENSP00000478887	0	0.457	0.360	0	0.637
CTNNB1	TCF7L2	9606.ENSP00000495360	9606.ENSP00000486891	0	0.971	0.900	0	0.997
CTNNB1	TBL1X	9606.ENSP00000495360	9606.ENSP00000495556	0	0.657	0	0	0.657
CTNNBIP1	GSK3B	9606.ENSP00000366474	9606.ENSP00000324806	0	0	0.720	0	0.720
CTNNBIP1	SIAH1	9606.ENSP00000366474	9606.ENSP00000349156	0	0	0.720	0	0.720
CUL1	RBX1	9606.ENSP00000326804	9606.ENSP00000216225	0	0.977	0.900	0	0.997
CUL1	SKP1	9606.ENSP00000326804	9606.ENSP00000231487	0	0.976	0.900	0	0.997
CUL1	FBXW11	9606.ENSP00000326804	9606.ENSP00000265094	0	0.714	0.900	0	0.970
CUL1	GSK3B	9606.ENSP00000326804	9606.ENSP00000324806	0	0	0.500	0	0.499
CUL1	MYC	9606.ENSP00000326804	9606.ENSP00000478887	0	0.457	0	0	0.457
CXXC4	DVL2	9606.ENSP00000378248	9606.ENSP00000005340	0	0	0.500	0	0.499
CXXC4	DVL3	9606.ENSP00000378248	9606.ENSP00000316054	0	0	0.500	0	0.499
CXXC4	DVL1	9606.ENSP00000378248	9606.ENSP00000368166	0	0	0.500	0	0.499
DAAM1	DVL2	9606.ENSP00000378557	9606.ENSP00000005340	0	0	0.900	0	0.900
DAAM1	DVL3	9606.ENSP00000378557	9606.ENSP00000316054	0	0	0.900	0	0.900
DAAM1	DVL1	9606.ENSP00000378557	9606.ENSP00000368166	0	0.292	0.900	0	0.926
DAAM1	RHOA	9606.ENSP00000378557	9606.ENSP00000400175	0	0.549	0.400	0	0.717
DAAM1	DAAM2	9606.ENSP00000378557	9606.ENSP00000381876	0	0	0.900	0	0.900
DAAM2	DVL2	9606.ENSP00000381876	9606.ENSP00000005340	0	0	0.900	0	0.900
DAAM2	DVL3	9606.ENSP00000381876	9606.ENSP00000316054	0	0	0.900	0	0.900
DAAM2	DVL1	9606.ENSP00000381876	9606.ENSP00000368166	0	0	0.900	0	0.900
DKK1	DKK4	9606.ENSP00000363081	9606.ENSP00000220812	0	0	0.900	0	0.900
DKK1	LRP6	9606.ENSP00000363081	9606.ENSP00000261349	0	0.966	0.500	0	0.982
DKK1	DKK2	9606.ENSP00000363081	9606.ENSP00000285311	0	0	0.900	0	0.900
DKK1	LRP5	9606.ENSP00000363081	9606.ENSP00000294304	0	0.453	0.500	0	0.715
DKK2	DKK4	9606.ENSP00000285311	9606.ENSP00000220812	0	0	0.900	0	0.900
DKK2	LRP6	9606.ENSP00000285311	9606.ENSP00000261349	0	0.416	0.500	0	0.695
DKK2	LRP5	9606.ENSP00000285311	9606.ENSP00000294304	0	0.098	0.500	0	0.530
DKK4	LRP6	9606.ENSP00000220812	9606.ENSP00000261349	0	0.043	0.500	0	0.501
DKK4	LRP5	9606.ENSP00000220812	9606.ENSP00000294304	0	0.330	0.500	0	0.650
DVL1	DVL2	9606.ENSP00000368166	9606.ENSP00000005340	0	0.583	0.900	0	0.956
DVL1	RBX1	9606.ENSP00000368166	9606.ENSP00000216225	0	0	0.500	0	0.499
DVL1	FZD3	9606.ENSP00000368166	9606.ENSP00000240093	0	0	0.500	0	0.499
DVL1	RAC2	9606.ENSP00000368166	9606.ENSP00000249071	0	0	0.500	0	0.499
DVL1	LRP6	9606.ENSP00000368166	9606.ENSP00000261349	0	0	0.500	0	0.499
DVL1	INVS	9606.ENSP00000368166	9606.ENSP00000262457	0	0	0.900	0	0.900
DVL1	WNT5A	9606.ENSP00000368166	9606.ENSP00000264634	0	0	0.500	0	0.499
DVL1	WNT3A	9606.ENSP00000368166	9606.ENSP00000284523	0	0	0.500	0	0.499
DVL1	FZD7	9606.ENSP00000368166	9606.ENSP00000286201	0	0.292	0.500	0	0.630
DVL1	FZD1	9606.ENSP00000368166	9606.ENSP00000287934	0	0	0.500	0	0.499
DVL1	WNT4	9606.ENSP00000368166	9606.ENSP00000290167	0	0	0.500	0	0.499
DVL1	WNT1	9606.ENSP00000368166	9606.ENSP00000293549	0	0	0.500	0	0.499
DVL1	LRP5	9606.ENSP00000368166	9606.ENSP00000294304	0	0	0.500	0	0.499
DVL1	RAC3	9606.ENSP00000368166	9606.ENSP00000304283	0	0	0.500	0	0.499
DVL1	DVL3	9606.ENSP00000368166	9606.ENSP00000316054	0	0.329	0.900	0	0.930
DVL1	FZD2	9606.ENSP00000368166	9606.ENSP00000323901	0	0	0.500	0	0.499
DVL1	GSK3B	9606.ENSP00000368166	9606.ENSP00000324806	0	0	0.500	0	0.499
DVL1	WNT11	9606.ENSP00000368166	9606.ENSP00000325526	0	0	0.500	0	0.499
DVL1	WNT8B	9606.ENSP00000368166	9606.ENSP00000340677	0	0	0.500	0	0.499
DVL1	PRICKLE1	9606.ENSP00000368166	9606.ENSP00000345064	0	0	0.900	0	0.900
DVL1	VANGL1	9606.ENSP00000368166	9606.ENSP00000347672	0	0.072	0.900	0	0.903
DVL1	FZD6	9606.ENSP00000368166	9606.ENSP00000351605	0	0	0.500	0	0.499
DVL1	VANGL2	9606.ENSP00000368166	9606.ENSP00000357040	0	0.072	0.900	0	0.903
DVL1	FRAT2	9606.ENSP00000368166	9606.ENSP00000360058	0	0	0.900	0	0.900
DVL1	FRAT1	9606.ENSP00000368166	9606.ENSP00000360060	0	0.292	0.900	0	0.926
DVL1	WNT8A	9606.ENSP00000368166	9606.ENSP00000426653	0	0	0.500	0	0.499
DVL1	WNT5B	9606.ENSP00000368166	9606.ENSP00000380379	0	0	0.500	0	0.499
DVL1	RHOA	9606.ENSP00000368166	9606.ENSP00000400175	0	0	0.500	0	0.499
DVL1	PRICKLE4	9606.ENSP00000368166	9606.ENSP00000404911	0	0	0.900	0	0.900
DVL1	PRICKLE3	9606.ENSP00000368166	9606.ENSP00000470248	0	0	0.900	0	0.900
DVL1	PRICKLE2	9606.ENSP00000368166	9606.ENSP00000492363	0	0	0.900	0	0.900
DVL2	ZNRF3	9606.ENSP00000005340	9606.ENSP00000443824	0	0.457	0	0	0.457
DVL2	RNF43	9606.ENSP00000005340	9606.ENSP00000463069	0	0.457	0	0	0.457
DVL2	WNT4	9606.ENSP00000005340	9606.ENSP00000290167	0	0	0.500	0	0.499
DVL2	WNT8A	9606.ENSP00000005340	9606.ENSP00000426653	0	0	0.500	0	0.499
DVL2	RHOA	9606.ENSP00000005340	9606.ENSP00000400175	0	0	0.500	0	0.499
DVL2	WNT5B	9606.ENSP00000005340	9606.ENSP00000380379	0	0	0.500	0	0.499
DVL2	WNT1	9606.ENSP00000005340	9606.ENSP00000293549	0	0	0.500	0	0.499
DVL2	WNT8B	9606.ENSP00000005340	9606.ENSP00000340677	0	0	0.500	0	0.499
DVL2	RBX1	9606.ENSP00000005340	9606.ENSP00000216225	0	0	0.500	0	0.499
DVL2	RAC3	9606.ENSP00000005340	9606.ENSP00000304283	0	0	0.500	0	0.499
DVL2	RAC2	9606.ENSP00000005340	9606.ENSP00000249071	0	0	0.500	0	0.499
DVL2	LRP5	9606.ENSP00000005340	9606.ENSP00000294304	0	0	0.500	0	0.499
DVL2	FZD3	9606.ENSP00000005340	9606.ENSP00000240093	0	0	0.500	0	0.499
DVL2	FZD1	9606.ENSP00000005340	9606.ENSP00000287934	0	0	0.500	0	0.499
DVL2	FZD7	9606.ENSP00000005340	9606.ENSP00000286201	0	0	0.500	0	0.499
DVL2	WNT11	9606.ENSP00000005340	9606.ENSP00000325526	0	0	0.500	0	0.499
DVL2	WNT3A	9606.ENSP00000005340	9606.ENSP00000284523	0	0	0.500	0	0.499
DVL2	FZD2	9606.ENSP00000005340	9606.ENSP00000323901	0	0	0.500	0	0.499
DVL2	GSK3B	9606.ENSP00000005340	9606.ENSP00000324806	0	0	0.500	0	0.499
DVL2	FZD6	9606.ENSP00000005340	9606.ENSP00000351605	0	0	0.500	0	0.499
DVL2	WNT5A	9606.ENSP00000005340	9606.ENSP00000264634	0	0	0.800	0	0.800
DVL2	FZD4	9606.ENSP00000005340	9606.ENSP00000434034	0	0	0.800	0	0.800
DVL2	FRAT2	9606.ENSP00000005340	9606.ENSP00000360058	0	0	0.900	0	0.900
DVL2	FRAT1	9606.ENSP00000005340	9606.ENSP00000360060	0	0	0.900	0	0.900
DVL2	INVS	9606.ENSP00000005340	9606.ENSP00000262457	0	0	0.900	0	0.900
DVL2	PRICKLE2	9606.ENSP00000005340	9606.ENSP00000492363	0	0	0.900	0	0.900
DVL2	PRICKLE4	9606.ENSP00000005340	9606.ENSP00000404911	0	0	0.900	0	0.900
DVL2	PRICKLE3	9606.ENSP00000005340	9606.ENSP00000470248	0	0	0.900	0	0.900
DVL2	PRICKLE1	9606.ENSP00000005340	9606.ENSP00000345064	0	0.292	0.900	0	0.926
DVL2	VANGL2	9606.ENSP00000005340	9606.ENSP00000357040	0	0.170	0.900	0	0.913
DVL2	LRP6	9606.ENSP00000005340	9606.ENSP00000261349	0	0	0.500	0	0.499
DVL2	VANGL1	9606.ENSP00000005340	9606.ENSP00000347672	0	0.250	0.900	0	0.921
DVL2	DVL3	9606.ENSP00000005340	9606.ENSP00000316054	0	0.611	0.900	0	0.959
DVL3	RBX1	9606.ENSP00000316054	9606.ENSP00000216225	0	0	0.500	0	0.499
DVL3	FZD3	9606.ENSP00000316054	9606.ENSP00000240093	0	0	0.500	0	0.499
DVL3	RAC2	9606.ENSP00000316054	9606.ENSP00000249071	0	0	0.500	0	0.499
DVL3	LRP6	9606.ENSP00000316054	9606.ENSP00000261349	0	0	0.500	0	0.499
DVL3	INVS	9606.ENSP00000316054	9606.ENSP00000262457	0	0	0.900	0	0.900
DVL3	WNT5A	9606.ENSP00000316054	9606.ENSP00000264634	0	0	0.500	0	0.499
DVL3	WNT3A	9606.ENSP00000316054	9606.ENSP00000284523	0	0	0.500	0	0.499
DVL3	FZD7	9606.ENSP00000316054	9606.ENSP00000286201	0	0	0.500	0	0.499
DVL3	FZD1	9606.ENSP00000316054	9606.ENSP00000287934	0	0	0.500	0	0.499
DVL3	WNT4	9606.ENSP00000316054	9606.ENSP00000290167	0	0	0.500	0	0.499
DVL3	WNT1	9606.ENSP00000316054	9606.ENSP00000293549	0	0	0.500	0	0.499
DVL3	LRP5	9606.ENSP00000316054	9606.ENSP00000294304	0	0	0.500	0	0.499
DVL3	RAC3	9606.ENSP00000316054	9606.ENSP00000304283	0	0	0.500	0	0.499
DVL3	WNT11	9606.ENSP00000316054	9606.ENSP00000325526	0	0	0.500	0	0.499
DVL3	WNT5B	9606.ENSP00000316054	9606.ENSP00000380379	0	0	0.500	0	0.499
DVL3	RHOA	9606.ENSP00000316054	9606.ENSP00000400175	0	0	0.500	0	0.499
DVL3	WNT8A	9606.ENSP00000316054	9606.ENSP00000426653	0	0	0.500	0	0.499
DVL3	GSK3B	9606.ENSP00000316054	9606.ENSP00000324806	0	0	0.500	0	0.499
DVL3	WNT8B	9606.ENSP00000316054	9606.ENSP00000340677	0	0	0.500	0	0.499
DVL3	FZD2	9606.ENSP00000316054	9606.ENSP00000323901	0	0	0.500	0	0.499
DVL3	FZD6	9606.ENSP00000316054	9606.ENSP00000351605	0	0	0.500	0	0.499
DVL3	FRAT1	9606.ENSP00000316054	9606.ENSP00000360060	0	0	0.900	0	0.900
DVL3	FRAT2	9606.ENSP00000316054	9606.ENSP00000360058	0	0	0.900	0	0.900
DVL3	PRICKLE2	9606.ENSP00000316054	9606.ENSP00000492363	0	0	0.900	0	0.900
DVL3	PRICKLE3	9606.ENSP00000316054	9606.ENSP00000470248	0	0	0.900	0	0.900
DVL3	PRICKLE4	9606.ENSP00000316054	9606.ENSP00000404911	0	0	0.900	0	0.900
DVL3	PRICKLE1	9606.ENSP00000316054	9606.ENSP00000345064	0	0.292	0.900	0	0.926
DVL3	VANGL2	9606.ENSP00000316054	9606.ENSP00000357040	0	0.261	0.900	0	0.923
DVL3	VANGL1	9606.ENSP00000316054	9606.ENSP00000347672	0	0.340	0.900	0	0.931
EP300	NFATC2	9606.ENSP00000263253	9606.ENSP00000379330	0	0.420	0	0	0.420
EP300	PPARD	9606.ENSP00000263253	9606.ENSP00000310928	0	0.457	0	0	0.457
EP300	NFATC1	9606.ENSP00000263253	9606.ENSP00000389377	0	0.457	0	0	0.457
EP300	PRKCA	9606.ENSP00000263253	9606.ENSP00000408695	0	0.457	0	0	0.457
EP300	FOSL1	9606.ENSP00000263253	9606.ENSP00000310170	0	0.457	0	0	0.457
EP300	TCF7	9606.ENSP00000263253	9606.ENSP00000340347	0	0	0.900	0	0.900
EP300	TCF7L1	9606.ENSP00000263253	9606.ENSP00000282111	0	0	0.900	0	0.900
EP300	TCF7L2	9606.ENSP00000263253	9606.ENSP00000486891	0	0.292	0.900	0	0.926
EP300	SMAD4	9606.ENSP00000263253	9606.ENSP00000341551	0	0.457	0.500	0	0.716
EP300	LEF1	9606.ENSP00000263253	9606.ENSP00000265165	0	0.292	0.900	0	0.926
EP300	MYC	9606.ENSP00000263253	9606.ENSP00000478887	0	0.457	0	0	0.457
EP300	JUN	9606.ENSP00000263253	9606.ENSP00000360266	0	0.618	0.500	0	0.800
EP300	SMAD3	9606.ENSP00000263253	9606.ENSP00000332973	0	0.457	0.500	0	0.716
EP300	TP53	9606.ENSP00000263253	9606.ENSP00000269305	0	0.964	0.500	0	0.981
FBXW11	RBX1	9606.ENSP00000265094	9606.ENSP00000216225	0	0.539	0.900	0	0.951
FBXW11	SKP1	9606.ENSP00000265094	9606.ENSP00000231487	0	0.958	0.900	0	0.995
FOSL1	JUN	9606.ENSP00000310170	9606.ENSP00000360266	0	0.493	0.900	0	0.947
FRAT1	GSK3B	9606.ENSP00000360060	9606.ENSP00000324806	0	0.702	0.900	0	0.968
FRAT1	FRAT2	9606.ENSP00000360060	9606.ENSP00000360058	0	0	0.900	0	0.900
FRAT2	GSK3B	9606.ENSP00000360058	9606.ENSP00000324806	0	0.559	0.900	0	0.954
FZD1	WNT16	9606.ENSP00000287934	9606.ENSP00000222462	0	0.078	0.500	0	0.519
FZD1	WNT3	9606.ENSP00000287934	9606.ENSP00000225512	0	0.078	0.540	0	0.557
FZD1	WNT6	9606.ENSP00000287934	9606.ENSP00000233948	0	0.078	0.500	0	0.519
FZD1	WNT10A	9606.ENSP00000287934	9606.ENSP00000258411	0	0.053	0.500	0	0.506
FZD1	LRP6	9606.ENSP00000287934	9606.ENSP00000261349	0	0	0.800	0	0.800
FZD1	WNT5A	9606.ENSP00000287934	9606.ENSP00000264634	0	0.319	0.500	0	0.645
FZD1	WNT2	9606.ENSP00000287934	9606.ENSP00000265441	0	0.078	0.540	0	0.557
FZD1	WNT9A	9606.ENSP00000287934	9606.ENSP00000272164	0	0.053	0.500	0	0.506
FZD1	WNT3A	9606.ENSP00000287934	9606.ENSP00000284523	0	0.319	0.500	0	0.645
FZD1	WNT7A	9606.ENSP00000287934	9606.ENSP00000285018	0	0.078	0.500	0	0.519
FZD1	WNT8B	9606.ENSP00000287934	9606.ENSP00000340677	0	0.078	0.500	0	0.519
FZD1	WNT5B	9606.ENSP00000287934	9606.ENSP00000380379	0	0.078	0.500	0	0.519
FZD1	WNT8A	9606.ENSP00000287934	9606.ENSP00000426653	0	0.078	0.500	0	0.519
FZD1	WNT9B	9606.ENSP00000287934	9606.ENSP00000290015	0	0.053	0.500	0	0.506
FZD1	GSK3B	9606.ENSP00000287934	9606.ENSP00000324806	0	0.226	0.540	0	0.628
FZD1	ROR1	9606.ENSP00000287934	9606.ENSP00000360120	0	0	0.650	0	0.650
FZD1	WNT2B	9606.ENSP00000287934	9606.ENSP00000358698	0	0.078	0.500	0	0.519
FZD1	WNT11	9606.ENSP00000287934	9606.ENSP00000325526	0	0.078	0.500	0	0.519
FZD1	WNT4	9606.ENSP00000287934	9606.ENSP00000290167	0	0.078	0.500	0	0.519
FZD1	WNT7B	9606.ENSP00000287934	9606.ENSP00000341032	0	0.078	0.500	0	0.519
FZD1	WNT10B	9606.ENSP00000287934	9606.ENSP00000301061	0	0.053	0.500	0	0.506
FZD1	ROR2	9606.ENSP00000287934	9606.ENSP00000364860	0	0	0.650	0	0.650
FZD1	GPC4	9606.ENSP00000287934	9606.ENSP00000359864	0	0	0.900	0	0.900
FZD1	RYK	9606.ENSP00000287934	9606.ENSP00000478721	0	0	0.900	0	0.900
FZD1	WNT1	9606.ENSP00000287934	9606.ENSP00000293549	0	0.078	0.500	0	0.519
FZD1	LRP5	9606.ENSP00000287934	9606.ENSP00000294304	0	0	0.800	0	0.800
FZD10	WNT16	9606.ENSP00000229030	9606.ENSP00000222462	0	0.078	0.500	0	0.519
FZD10	WNT3	9606.ENSP00000229030	9606.ENSP00000225512	0	0.078	0.500	0	0.519
FZD10	WNT11	9606.ENSP00000229030	9606.ENSP00000325526	0	0.078	0.500	0	0.519
FZD10	WNT5A	9606.ENSP00000229030	9606.ENSP00000264634	0	0.078	0.500	0	0.519
FZD10	WNT6	9606.ENSP00000229030	9606.ENSP00000233948	0	0.078	0.500	0	0.519
FZD10	WNT8A	9606.ENSP00000229030	9606.ENSP00000426653	0	0.078	0.500	0	0.519
FZD10	WNT8B	9606.ENSP00000229030	9606.ENSP00000340677	0	0.078	0.500	0	0.519
FZD10	WNT4	9606.ENSP00000229030	9606.ENSP00000290167	0	0.078	0.500	0	0.519
FZD10	WNT9A	9606.ENSP00000229030	9606.ENSP00000272164	0	0.053	0.500	0	0.506
FZD10	ROR2	9606.ENSP00000229030	9606.ENSP00000364860	0	0	0.650	0	0.650
FZD10	ROR1	9606.ENSP00000229030	9606.ENSP00000360120	0	0	0.650	0	0.650
FZD10	WNT10A	9606.ENSP00000229030	9606.ENSP00000258411	0	0.053	0.500	0	0.506
FZD10	WNT9B	9606.ENSP00000229030	9606.ENSP00000290015	0	0.053	0.500	0	0.506
FZD10	WNT10B	9606.ENSP00000229030	9606.ENSP00000301061	0	0.053	0.500	0	0.506
FZD10	WNT3A	9606.ENSP00000229030	9606.ENSP00000284523	0	0.078	0.500	0	0.519
FZD10	WNT2B	9606.ENSP00000229030	9606.ENSP00000358698	0	0.078	0.500	0	0.519
FZD10	WNT2	9606.ENSP00000229030	9606.ENSP00000265441	0	0.078	0.500	0	0.519
FZD10	LRP5	9606.ENSP00000229030	9606.ENSP00000294304	0	0	0.800	0	0.800
FZD10	WNT1	9606.ENSP00000229030	9606.ENSP00000293549	0	0.078	0.500	0	0.519
FZD10	LRP6	9606.ENSP00000229030	9606.ENSP00000261349	0	0	0.800	0	0.800
FZD10	WNT7B	9606.ENSP00000229030	9606.ENSP00000341032	0	0.078	0.500	0	0.519
FZD10	GPC4	9606.ENSP00000229030	9606.ENSP00000359864	0	0	0.900	0	0.900
FZD10	RYK	9606.ENSP00000229030	9606.ENSP00000478721	0	0	0.900	0	0.900
FZD10	WNT7A	9606.ENSP00000229030	9606.ENSP00000285018	0	0.078	0.500	0	0.519
FZD2	WNT16	9606.ENSP00000323901	9606.ENSP00000222462	0	0.078	0.500	0	0.519
FZD2	WNT3	9606.ENSP00000323901	9606.ENSP00000225512	0	0.078	0.500	0	0.519
FZD2	WNT6	9606.ENSP00000323901	9606.ENSP00000233948	0	0.078	0.500	0	0.519
FZD2	WNT10A	9606.ENSP00000323901	9606.ENSP00000258411	0	0.053	0.500	0	0.506
FZD2	LRP6	9606.ENSP00000323901	9606.ENSP00000261349	0	0	0.800	0	0.800
FZD2	WNT5A	9606.ENSP00000323901	9606.ENSP00000264634	0	0.319	0.500	0	0.645
FZD2	WNT2	9606.ENSP00000323901	9606.ENSP00000265441	0	0.078	0.500	0	0.519
FZD2	WNT9A	9606.ENSP00000323901	9606.ENSP00000272164	0	0.053	0.500	0	0.506
FZD2	WNT3A	9606.ENSP00000323901	9606.ENSP00000284523	0	0.532	0.500	0	0.756
FZD2	WNT7A	9606.ENSP00000323901	9606.ENSP00000285018	0	0.078	0.500	0	0.519
FZD2	WNT9B	9606.ENSP00000323901	9606.ENSP00000290015	0	0.053	0.500	0	0.506
FZD2	WNT4	9606.ENSP00000323901	9606.ENSP00000290167	0	0.078	0.500	0	0.519
FZD2	WNT1	9606.ENSP00000323901	9606.ENSP00000293549	0	0.078	0.500	0	0.519
FZD2	LRP5	9606.ENSP00000323901	9606.ENSP00000294304	0	0	0.800	0	0.800
FZD2	WNT10B	9606.ENSP00000323901	9606.ENSP00000301061	0	0.053	0.500	0	0.506
FZD2	GSK3B	9606.ENSP00000323901	9606.ENSP00000324806	0	0	0.500	0	0.499
FZD2	WNT8A	9606.ENSP00000323901	9606.ENSP00000426653	0	0.078	0.500	0	0.519
FZD2	WNT2B	9606.ENSP00000323901	9606.ENSP00000358698	0	0.078	0.500	0	0.519
FZD2	ROR1	9606.ENSP00000323901	9606.ENSP00000360120	0	0	0.650	0	0.650
FZD2	ROR2	9606.ENSP00000323901	9606.ENSP00000364860	0	0	0.650	0	0.650
FZD2	WNT8B	9606.ENSP00000323901	9606.ENSP00000340677	0	0.078	0.500	0	0.519
FZD2	WNT11	9606.ENSP00000323901	9606.ENSP00000325526	0	0.078	0.500	0	0.519
FZD2	WNT7B	9606.ENSP00000323901	9606.ENSP00000341032	0	0.078	0.500	0	0.519
FZD2	RYK	9606.ENSP00000323901	9606.ENSP00000478721	0	0	0.900	0	0.900
FZD2	GPC4	9606.ENSP00000323901	9606.ENSP00000359864	0	0	0.900	0	0.900
FZD3	WNT16	9606.ENSP00000240093	9606.ENSP00000222462	0	0.078	0.500	0	0.519
FZD3	WNT3	9606.ENSP00000240093	9606.ENSP00000225512	0	0.078	0.500	0	0.519
FZD3	WNT6	9606.ENSP00000240093	9606.ENSP00000233948	0	0.078	0.500	0	0.519
FZD3	WNT10B	9606.ENSP00000240093	9606.ENSP00000301061	0	0.053	0.500	0	0.506
FZD3	WNT10A	9606.ENSP00000240093	9606.ENSP00000258411	0	0.053	0.500	0	0.506
FZD3	WNT8A	9606.ENSP00000240093	9606.ENSP00000426653	0	0.078	0.500	0	0.519
FZD3	WNT8B	9606.ENSP00000240093	9606.ENSP00000340677	0	0.078	0.500	0	0.519
FZD3	WNT1	9606.ENSP00000240093	9606.ENSP00000293549	0	0.078	0.500	0	0.519
FZD3	WNT9B	9606.ENSP00000240093	9606.ENSP00000290015	0	0.053	0.500	0	0.506
FZD3	WNT9A	9606.ENSP00000240093	9606.ENSP00000272164	0	0.053	0.500	0	0.506
FZD3	VANGL2	9606.ENSP00000240093	9606.ENSP00000357040	0	0.043	0.500	0	0.501
FZD3	ROR2	9606.ENSP00000240093	9606.ENSP00000364860	0	0	0.650	0	0.650
FZD3	ROR1	9606.ENSP00000240093	9606.ENSP00000360120	0	0	0.650	0	0.650
FZD3	WNT3A	9606.ENSP00000240093	9606.ENSP00000284523	0	0.078	0.500	0	0.519
FZD3	WNT2	9606.ENSP00000240093	9606.ENSP00000265441	0	0.078	0.500	0	0.519
FZD3	WNT2B	9606.ENSP00000240093	9606.ENSP00000358698	0	0.078	0.500	0	0.519
FZD3	WNT7A	9606.ENSP00000240093	9606.ENSP00000285018	0	0.078	0.500	0	0.519
FZD3	WNT7B	9606.ENSP00000240093	9606.ENSP00000341032	0	0.078	0.500	0	0.519
FZD3	LRP6	9606.ENSP00000240093	9606.ENSP00000261349	0	0	0.800	0	0.800
FZD3	WNT5B	9606.ENSP00000240093	9606.ENSP00000380379	0	0.078	0.500	0	0.519
FZD3	LRP5	9606.ENSP00000240093	9606.ENSP00000294304	0	0	0.800	0	0.800
FZD3	WNT4	9606.ENSP00000240093	9606.ENSP00000290167	0	0.078	0.500	0	0.519
FZD3	GPC4	9606.ENSP00000240093	9606.ENSP00000359864	0	0	0.900	0	0.900
FZD3	RYK	9606.ENSP00000240093	9606.ENSP00000478721	0	0	0.900	0	0.900
FZD3	WNT11	9606.ENSP00000240093	9606.ENSP00000325526	0	0.078	0.500	0	0.519
FZD3	WNT5A	9606.ENSP00000240093	9606.ENSP00000264634	0	0.078	0.500	0	0.519
FZD4	WNT16	9606.ENSP00000434034	9606.ENSP00000222462	0	0.078	0.500	0	0.519
FZD4	WNT3	9606.ENSP00000434034	9606.ENSP00000225512	0	0.078	0.500	0	0.519
FZD4	WNT6	9606.ENSP00000434034	9606.ENSP00000233948	0	0.078	0.500	0	0.519
FZD4	WNT10A	9606.ENSP00000434034	9606.ENSP00000258411	0	0.053	0.500	0	0.506
FZD4	LRP6	9606.ENSP00000434034	9606.ENSP00000261349	0	0	0.800	0	0.800
FZD4	WNT5A	9606.ENSP00000434034	9606.ENSP00000264634	0	0.078	0.900	0	0.903
FZD4	WNT2	9606.ENSP00000434034	9606.ENSP00000265441	0	0.078	0.500	0	0.519
FZD4	WNT9A	9606.ENSP00000434034	9606.ENSP00000272164	0	0.053	0.500	0	0.506
FZD4	WNT3A	9606.ENSP00000434034	9606.ENSP00000284523	0	0.078	0.500	0	0.519
FZD4	WNT7A	9606.ENSP00000434034	9606.ENSP00000285018	0	0.078	0.500	0	0.519
FZD4	WNT9B	9606.ENSP00000434034	9606.ENSP00000290015	0	0.053	0.500	0	0.506
FZD4	WNT4	9606.ENSP00000434034	9606.ENSP00000290167	0	0.078	0.500	0	0.519
FZD4	WNT1	9606.ENSP00000434034	9606.ENSP00000293549	0	0.078	0.500	0	0.519
FZD4	LRP5	9606.ENSP00000434034	9606.ENSP00000294304	0	0	0.800	0	0.800
FZD4	WNT10B	9606.ENSP00000434034	9606.ENSP00000301061	0	0.053	0.500	0	0.506
FZD4	WNT11	9606.ENSP00000434034	9606.ENSP00000325526	0	0.078	0.500	0	0.519
FZD4	WNT8B	9606.ENSP00000434034	9606.ENSP00000340677	0	0.078	0.500	0	0.519
FZD4	WNT7B	9606.ENSP00000434034	9606.ENSP00000341032	0	0.078	0.500	0	0.519
FZD4	WNT2B	9606.ENSP00000434034	9606.ENSP00000358698	0	0.078	0.500	0	0.519
FZD4	GPC4	9606.ENSP00000434034	9606.ENSP00000359864	0	0	0.900	0	0.900
FZD4	ROR1	9606.ENSP00000434034	9606.ENSP00000360120	0	0	0.650	0	0.650
FZD4	ROR2	9606.ENSP00000434034	9606.ENSP00000364860	0	0	0.650	0	0.650
FZD4	WNT8A	9606.ENSP00000434034	9606.ENSP00000426653	0	0.078	0.500	0	0.519
FZD4	RNF43	9606.ENSP00000434034	9606.ENSP00000463069	0	0	0.500	0	0.499
FZD4	ZNRF3	9606.ENSP00000434034	9606.ENSP00000443824	0	0.292	0.500	0	0.630
FZD4	RYK	9606.ENSP00000434034	9606.ENSP00000478721	0	0	0.900	0	0.900
FZD5	WNT16	9606.ENSP00000354607	9606.ENSP00000222462	0	0.078	0.500	0	0.519
FZD5	WNT3	9606.ENSP00000354607	9606.ENSP00000225512	0	0.078	0.500	0	0.519
FZD5	WNT6	9606.ENSP00000354607	9606.ENSP00000233948	0	0.078	0.500	0	0.519
FZD5	WNT10A	9606.ENSP00000354607	9606.ENSP00000258411	0	0.053	0.500	0	0.506
FZD5	LRP6	9606.ENSP00000354607	9606.ENSP00000261349	0	0.292	0.800	0	0.852
FZD5	WNT5A	9606.ENSP00000354607	9606.ENSP00000264634	0	0.431	0.500	0	0.703
FZD5	WNT2	9606.ENSP00000354607	9606.ENSP00000265441	0	0.078	0.500	0	0.519
FZD5	WNT9A	9606.ENSP00000354607	9606.ENSP00000272164	0	0.053	0.500	0	0.506
FZD5	WNT3A	9606.ENSP00000354607	9606.ENSP00000284523	0	0.319	0.800	0	0.858
FZD5	WNT7A	9606.ENSP00000354607	9606.ENSP00000285018	0	0.078	0.500	0	0.519
FZD5	WNT9B	9606.ENSP00000354607	9606.ENSP00000290015	0	0.053	0.500	0	0.506
FZD5	WNT4	9606.ENSP00000354607	9606.ENSP00000290167	0	0.078	0.500	0	0.519
FZD5	WNT1	9606.ENSP00000354607	9606.ENSP00000293549	0	0.078	0.500	0	0.519
FZD5	LRP5	9606.ENSP00000354607	9606.ENSP00000294304	0	0	0.800	0	0.800
FZD5	WNT10B	9606.ENSP00000354607	9606.ENSP00000301061	0	0.053	0.500	0	0.506
FZD5	GSK3B	9606.ENSP00000354607	9606.ENSP00000324806	0	0.082	0.500	0	0.521
FZD5	WNT11	9606.ENSP00000354607	9606.ENSP00000325526	0	0.078	0.500	0	0.519
FZD5	WNT8B	9606.ENSP00000354607	9606.ENSP00000340677	0	0.078	0.500	0	0.519
FZD5	WNT7B	9606.ENSP00000354607	9606.ENSP00000341032	0	0.078	0.500	0	0.519
FZD5	ZNRF3	9606.ENSP00000354607	9606.ENSP00000443824	0	0	0.500	0	0.499
FZD5	ROR1	9606.ENSP00000354607	9606.ENSP00000360120	0	0	0.650	0	0.650
FZD5	ROR2	9606.ENSP00000354607	9606.ENSP00000364860	0	0	0.650	0	0.650
FZD5	WNT2B	9606.ENSP00000354607	9606.ENSP00000358698	0	0.078	0.500	0	0.519
FZD5	WNT8A	9606.ENSP00000354607	9606.ENSP00000426653	0	0.366	0.500	0	0.669
FZD5	RNF43	9606.ENSP00000354607	9606.ENSP00000463069	0	0.457	0.500	0	0.716
FZD5	RYK	9606.ENSP00000354607	9606.ENSP00000478721	0	0	0.900	0	0.900
FZD5	GPC4	9606.ENSP00000354607	9606.ENSP00000359864	0	0	0.900	0	0.900
FZD6	WNT16	9606.ENSP00000351605	9606.ENSP00000222462	0	0.077	0.500	0	0.518
FZD6	WNT3	9606.ENSP00000351605	9606.ENSP00000225512	0	0.077	0.500	0	0.518
FZD6	WNT6	9606.ENSP00000351605	9606.ENSP00000233948	0	0.077	0.500	0	0.518
FZD6	WNT10A	9606.ENSP00000351605	9606.ENSP00000258411	0	0.053	0.500	0	0.506
FZD6	LRP6	9606.ENSP00000351605	9606.ENSP00000261349	0	0	0.800	0	0.800
FZD6	WNT5A	9606.ENSP00000351605	9606.ENSP00000264634	0	0.077	0.500	0	0.518
FZD6	WNT2	9606.ENSP00000351605	9606.ENSP00000265441	0	0.077	0.500	0	0.518
FZD6	WNT9A	9606.ENSP00000351605	9606.ENSP00000272164	0	0.053	0.500	0	0.506
FZD6	WNT3A	9606.ENSP00000351605	9606.ENSP00000284523	0	0.077	0.500	0	0.518
FZD6	WNT7A	9606.ENSP00000351605	9606.ENSP00000285018	0	0.077	0.500	0	0.518
FZD6	WNT9B	9606.ENSP00000351605	9606.ENSP00000290015	0	0.053	0.500	0	0.506
FZD6	WNT4	9606.ENSP00000351605	9606.ENSP00000290167	0	0.077	0.500	0	0.518
FZD6	WNT1	9606.ENSP00000351605	9606.ENSP00000293549	0	0.077	0.500	0	0.518
FZD6	LRP5	9606.ENSP00000351605	9606.ENSP00000294304	0	0	0.800	0	0.800
FZD6	WNT10B	9606.ENSP00000351605	9606.ENSP00000301061	0	0.053	0.500	0	0.506
FZD6	WNT11	9606.ENSP00000351605	9606.ENSP00000325526	0	0.077	0.500	0	0.518
FZD6	WNT8B	9606.ENSP00000351605	9606.ENSP00000340677	0	0.077	0.500	0	0.518
FZD6	WNT7B	9606.ENSP00000351605	9606.ENSP00000341032	0	0.077	0.500	0	0.518
FZD6	RNF43	9606.ENSP00000351605	9606.ENSP00000463069	0	0	0.500	0	0.499
FZD6	WNT2B	9606.ENSP00000351605	9606.ENSP00000358698	0	0.077	0.500	0	0.518
FZD6	WNT8A	9606.ENSP00000351605	9606.ENSP00000426653	0	0.077	0.500	0	0.518
FZD6	ZNRF3	9606.ENSP00000351605	9606.ENSP00000443824	0	0.292	0.500	0	0.630
FZD6	ROR1	9606.ENSP00000351605	9606.ENSP00000360120	0	0	0.650	0	0.650
FZD6	ROR2	9606.ENSP00000351605	9606.ENSP00000364860	0	0	0.650	0	0.650
FZD6	WNT5B	9606.ENSP00000351605	9606.ENSP00000380379	0	0.077	0.500	0	0.518
FZD6	RYK	9606.ENSP00000351605	9606.ENSP00000478721	0	0	0.900	0	0.900
FZD6	GPC4	9606.ENSP00000351605	9606.ENSP00000359864	0	0	0.900	0	0.900
FZD7	WNT16	9606.ENSP00000286201	9606.ENSP00000222462	0	0.078	0.500	0	0.519
FZD7	WNT3	9606.ENSP00000286201	9606.ENSP00000225512	0	0.477	0.500	0	0.727
FZD7	WNT6	9606.ENSP00000286201	9606.ENSP00000233948	0	0.078	0.500	0	0.519
FZD7	WNT10A	9606.ENSP00000286201	9606.ENSP00000258411	0	0.053	0.500	0	0.506
FZD7	LRP6	9606.ENSP00000286201	9606.ENSP00000261349	0	0	0.800	0	0.800
FZD7	WNT5A	9606.ENSP00000286201	9606.ENSP00000264634	0	0.078	0.900	0	0.903
FZD7	WNT2	9606.ENSP00000286201	9606.ENSP00000265441	0	0.078	0.500	0	0.519
FZD7	WNT9A	9606.ENSP00000286201	9606.ENSP00000272164	0	0.053	0.500	0	0.506
FZD7	WNT3A	9606.ENSP00000286201	9606.ENSP00000284523	0	0.078	0.500	0	0.519
FZD7	WNT7A	9606.ENSP00000286201	9606.ENSP00000285018	0	0.078	0.500	0	0.519
FZD7	WNT5B	9606.ENSP00000286201	9606.ENSP00000380379	0	0.078	0.500	0	0.519
FZD7	WNT8B	9606.ENSP00000286201	9606.ENSP00000340677	0	0.078	0.500	0	0.519
FZD7	WNT8A	9606.ENSP00000286201	9606.ENSP00000426653	0	0.078	0.500	0	0.519
FZD7	ROR2	9606.ENSP00000286201	9606.ENSP00000364860	0	0	0.650	0	0.650
FZD7	ROR1	9606.ENSP00000286201	9606.ENSP00000360120	0	0	0.650	0	0.650
FZD7	WNT4	9606.ENSP00000286201	9606.ENSP00000290167	0	0.078	0.500	0	0.519
FZD7	WNT10B	9606.ENSP00000286201	9606.ENSP00000301061	0	0.053	0.500	0	0.506
FZD7	WNT9B	9606.ENSP00000286201	9606.ENSP00000290015	0	0.053	0.500	0	0.506
FZD7	WNT2B	9606.ENSP00000286201	9606.ENSP00000358698	0	0.078	0.500	0	0.519
FZD7	WNT1	9606.ENSP00000286201	9606.ENSP00000293549	0	0.078	0.500	0	0.519
FZD7	WNT7B	9606.ENSP00000286201	9606.ENSP00000341032	0	0.078	0.500	0	0.519
FZD7	LRP5	9606.ENSP00000286201	9606.ENSP00000294304	0	0	0.800	0	0.800
FZD7	RYK	9606.ENSP00000286201	9606.ENSP00000478721	0	0	0.900	0	0.900
FZD7	GPC4	9606.ENSP00000286201	9606.ENSP00000359864	0	0	0.900	0	0.900
FZD7	WNT11	9606.ENSP00000286201	9606.ENSP00000325526	0	0.078	0.500	0	0.519
FZD8	WNT16	9606.ENSP00000363826	9606.ENSP00000222462	0	0.078	0.500	0	0.519
FZD8	WNT3	9606.ENSP00000363826	9606.ENSP00000225512	0	0.903	0.500	0	0.949
FZD8	WNT6	9606.ENSP00000363826	9606.ENSP00000233948	0	0.078	0.500	0	0.519
FZD8	WNT10A	9606.ENSP00000363826	9606.ENSP00000258411	0	0.053	0.500	0	0.506
FZD8	LRP6	9606.ENSP00000363826	9606.ENSP00000261349	0	0.457	0.800	0	0.886
FZD8	WNT5A	9606.ENSP00000363826	9606.ENSP00000264634	0	0.078	0.500	0	0.519
FZD8	WNT2	9606.ENSP00000363826	9606.ENSP00000265441	0	0.078	0.500	0	0.519
FZD8	WNT9A	9606.ENSP00000363826	9606.ENSP00000272164	0	0.053	0.500	0	0.506
FZD8	WNT3A	9606.ENSP00000363826	9606.ENSP00000284523	0	0.319	0.500	0	0.645
FZD8	WNT7A	9606.ENSP00000363826	9606.ENSP00000285018	0	0.078	0.500	0	0.519
FZD8	WNT9B	9606.ENSP00000363826	9606.ENSP00000290015	0	0.053	0.500	0	0.506
FZD8	WNT4	9606.ENSP00000363826	9606.ENSP00000290167	0	0.078	0.500	0	0.519
FZD8	WNT1	9606.ENSP00000363826	9606.ENSP00000293549	0	0.319	0.500	0	0.645
FZD8	LRP5	9606.ENSP00000363826	9606.ENSP00000294304	0	0.292	0.800	0	0.852
FZD8	WNT10B	9606.ENSP00000363826	9606.ENSP00000301061	0	0.053	0.500	0	0.506
FZD8	WNT11	9606.ENSP00000363826	9606.ENSP00000325526	0	0.078	0.500	0	0.519
FZD8	WNT8B	9606.ENSP00000363826	9606.ENSP00000340677	0	0.078	0.500	0	0.519
FZD8	WNT7B	9606.ENSP00000363826	9606.ENSP00000341032	0	0.078	0.500	0	0.519
FZD8	WNT2B	9606.ENSP00000363826	9606.ENSP00000358698	0	0.078	0.500	0	0.519
FZD8	GPC4	9606.ENSP00000363826	9606.ENSP00000359864	0	0	0.900	0	0.900
FZD8	ROR1	9606.ENSP00000363826	9606.ENSP00000360120	0	0	0.650	0	0.650
FZD8	ZNRF3	9606.ENSP00000363826	9606.ENSP00000443824	0	0	0.500	0	0.499
FZD8	RNF43	9606.ENSP00000363826	9606.ENSP00000463069	0	0.292	0.500	0	0.630
FZD8	ROR2	9606.ENSP00000363826	9606.ENSP00000364860	0	0	0.650	0	0.650
FZD8	WNT8A	9606.ENSP00000363826	9606.ENSP00000426653	0	0.366	0.500	0	0.669
FZD8	RYK	9606.ENSP00000363826	9606.ENSP00000478721	0	0	0.900	0	0.900
FZD9	WNT16	9606.ENSP00000345785	9606.ENSP00000222462	0	0.078	0.500	0	0.519
FZD9	WNT3	9606.ENSP00000345785	9606.ENSP00000225512	0	0.078	0.500	0	0.519
FZD9	WNT6	9606.ENSP00000345785	9606.ENSP00000233948	0	0.078	0.500	0	0.519
FZD9	WNT10A	9606.ENSP00000345785	9606.ENSP00000258411	0	0.053	0.500	0	0.506
FZD9	LRP6	9606.ENSP00000345785	9606.ENSP00000261349	0	0	0.800	0	0.800
FZD9	WNT5A	9606.ENSP00000345785	9606.ENSP00000264634	0	0.078	0.500	0	0.519
FZD9	WNT2	9606.ENSP00000345785	9606.ENSP00000265441	0	0.078	0.500	0	0.519
FZD9	WNT9A	9606.ENSP00000345785	9606.ENSP00000272164	0	0.053	0.500	0	0.506
FZD9	WNT3A	9606.ENSP00000345785	9606.ENSP00000284523	0	0.078	0.500	0	0.519
FZD9	WNT7A	9606.ENSP00000345785	9606.ENSP00000285018	0	0.078	0.500	0	0.519
FZD9	WNT9B	9606.ENSP00000345785	9606.ENSP00000290015	0	0.053	0.500	0	0.506
FZD9	WNT4	9606.ENSP00000345785	9606.ENSP00000290167	0	0.078	0.500	0	0.519
FZD9	WNT1	9606.ENSP00000345785	9606.ENSP00000293549	0	0.078	0.500	0	0.519
FZD9	LRP5	9606.ENSP00000345785	9606.ENSP00000294304	0	0	0.800	0	0.800
FZD9	WNT10B	9606.ENSP00000345785	9606.ENSP00000301061	0	0.053	0.500	0	0.506
FZD9	WNT11	9606.ENSP00000345785	9606.ENSP00000325526	0	0.078	0.500	0	0.519
FZD9	WNT8B	9606.ENSP00000345785	9606.ENSP00000340677	0	0.078	0.500	0	0.519
FZD9	WNT7B	9606.ENSP00000345785	9606.ENSP00000341032	0	0.078	0.500	0	0.519
FZD9	WNT8A	9606.ENSP00000345785	9606.ENSP00000426653	0	0.078	0.500	0	0.519
FZD9	ROR1	9606.ENSP00000345785	9606.ENSP00000360120	0	0	0.650	0	0.650
FZD9	ROR2	9606.ENSP00000345785	9606.ENSP00000364860	0	0	0.650	0	0.650
FZD9	WNT2B	9606.ENSP00000345785	9606.ENSP00000358698	0	0.078	0.500	0	0.519
FZD9	RYK	9606.ENSP00000345785	9606.ENSP00000478721	0	0	0.900	0	0.900
FZD9	GPC4	9606.ENSP00000345785	9606.ENSP00000359864	0	0	0.900	0	0.900
GSK3B	RBX1	9606.ENSP00000324806	9606.ENSP00000216225	0	0	0.500	0	0.499
GSK3B	WNT3	9606.ENSP00000324806	9606.ENSP00000225512	0	0	0.720	0	0.720
GSK3B	SKP1	9606.ENSP00000324806	9606.ENSP00000231487	0	0	0.500	0	0.499
GSK3B	LRP6	9606.ENSP00000324806	9606.ENSP00000261349	0	0.457	0.720	0	0.841
GSK3B	WNT2	9606.ENSP00000324806	9606.ENSP00000265441	0	0	0.540	0	0.540
GSK3B	TP53	9606.ENSP00000324806	9606.ENSP00000269305	0	0.457	0	0	0.457
GSK3B	WNT3A	9606.ENSP00000324806	9606.ENSP00000284523	0	0	0.500	0	0.499
GSK3B	WNT1	9606.ENSP00000324806	9606.ENSP00000293549	0	0	0.500	0	0.499
GSK3B	LRP5	9606.ENSP00000324806	9606.ENSP00000294304	0	0	0.720	0	0.720
GSK3B	PRKACA	9606.ENSP00000324806	9606.ENSP00000309591	0	0.457	0.900	0	0.943
GSK3B	MYC	9606.ENSP00000324806	9606.ENSP00000478887	0	0.457	0	0	0.457
GSK3B	WNT8A	9606.ENSP00000324806	9606.ENSP00000426653	0	0	0.500	0	0.499
GSK3B	WNT8B	9606.ENSP00000324806	9606.ENSP00000340677	0	0	0.500	0	0.499
GSK3B	JUN	9606.ENSP00000324806	9606.ENSP00000360266	0	0.550	0	0	0.550
GSK3B	PPP3CC	9606.ENSP00000324806	9606.ENSP00000380878	0	0.556	0	0	0.556
GSK3B	PSEN1	9606.ENSP00000324806	9606.ENSP00000326366	0	0.457	0	0	0.457
GSK3B	SMAD3	9606.ENSP00000324806	9606.ENSP00000332973	0	0.457	0	0	0.457
GSK3B	SIAH1	9606.ENSP00000324806	9606.ENSP00000349156	0	0	0.900	0	0.900
GSK3B	PRKACG	9606.ENSP00000324806	9606.ENSP00000366488	0	0	0.900	0	0.900
GSK3B	PRKACB	9606.ENSP00000324806	9606.ENSP00000359719	0	0.166	0.900	0	0.913
JUN	TP53	9606.ENSP00000360266	9606.ENSP00000269305	0	0.324	0.500	0	0.647
JUN	SMAD3	9606.ENSP00000360266	9606.ENSP00000332973	0	0.457	0	0	0.457
JUN	MYC	9606.ENSP00000360266	9606.ENSP00000478887	0	0.457	0	0	0.457
JUN	MAPK8	9606.ENSP00000360266	9606.ENSP00000378974	0	0.511	0.900	0	0.949
JUN	MAPK9	9606.ENSP00000360266	9606.ENSP00000394560	0	0.511	0.900	0	0.949
JUN	NFATC2	9606.ENSP00000360266	9606.ENSP00000379330	0	0.943	0.540	0	0.972
LEF1	TCF7L1	9606.ENSP00000265165	9606.ENSP00000282111	0	0	0.540	0	0.540
LEF1	NLK	9606.ENSP00000265165	9606.ENSP00000384625	0	0.457	0	0	0.457
LEF1	SOX17	9606.ENSP00000265165	9606.ENSP00000297316	0	0	0.500	0	0.499
LEF1	TCF7L2	9606.ENSP00000265165	9606.ENSP00000486891	0	0.457	0.540	0	0.739
LEF1	TCF7	9606.ENSP00000265165	9606.ENSP00000340347	0	0	0.540	0	0.540
LEF1	RUVBL1	9606.ENSP00000265165	9606.ENSP00000318297	0	0.292	0.900	0	0.926
LEF1	SMAD3	9606.ENSP00000265165	9606.ENSP00000332973	0	0.457	0	0	0.457
LGR4	RSPO4	9606.ENSP00000368516	9606.ENSP00000217260	0	0.483	0.500	0	0.730
LGR4	LGR5	9606.ENSP00000368516	9606.ENSP00000266674	0	0	0.900	0	0.900
LGR4	RSPO2	9606.ENSP00000368516	9606.ENSP00000276659	0	0.483	0.500	0	0.730
LGR4	RSPO1	9606.ENSP00000368516	9606.ENSP00000348944	0	0.946	0.500	0	0.971
LGR4	RSPO3	9606.ENSP00000368516	9606.ENSP00000349131	0	0.483	0.500	0	0.730
LGR4	LGR6	9606.ENSP00000368516	9606.ENSP00000356247	0	0	0.900	0	0.900
LGR4	RNF43	9606.ENSP00000368516	9606.ENSP00000463069	0	0	0.500	0	0.499
LGR4	ZNRF3	9606.ENSP00000368516	9606.ENSP00000443824	0	0.457	0.500	0	0.716
LGR5	RSPO4	9606.ENSP00000266674	9606.ENSP00000217260	0	0	0.500	0	0.499
LGR5	RSPO3	9606.ENSP00000266674	9606.ENSP00000349131	0	0	0.500	0	0.499
LGR5	LGR6	9606.ENSP00000266674	9606.ENSP00000356247	0	0	0.900	0	0.900
LGR5	ZNRF3	9606.ENSP00000266674	9606.ENSP00000443824	0	0.920	0.500	0	0.958
LGR5	RSPO2	9606.ENSP00000266674	9606.ENSP00000276659	0	0.926	0.500	0	0.961
LGR5	RNF43	9606.ENSP00000266674	9606.ENSP00000463069	0	0.900	0.500	0	0.947
LGR5	RSPO1	9606.ENSP00000266674	9606.ENSP00000348944	0	0.900	0.500	0	0.947
LGR6	RSPO4	9606.ENSP00000356247	9606.ENSP00000217260	0	0	0.500	0	0.499
LGR6	RSPO2	9606.ENSP00000356247	9606.ENSP00000276659	0	0	0.500	0	0.499
LGR6	RSPO1	9606.ENSP00000356247	9606.ENSP00000348944	0	0	0.500	0	0.499
LGR6	RSPO3	9606.ENSP00000356247	9606.ENSP00000349131	0	0	0.500	0	0.499
LGR6	RNF43	9606.ENSP00000356247	9606.ENSP00000463069	0	0	0.500	0	0.499
LGR6	ZNRF3	9606.ENSP00000356247	9606.ENSP00000443824	0	0	0.500	0	0.499
LRP5	WNT3	9606.ENSP00000294304	9606.ENSP00000225512	0	0	0.720	0	0.720
LRP5	LRP6	9606.ENSP00000294304	9606.ENSP00000261349	0	0.292	0.900	0	0.926
LRP5	WNT2	9606.ENSP00000294304	9606.ENSP00000265441	0	0	0.540	0	0.540
LRP5	WNT3A	9606.ENSP00000294304	9606.ENSP00000284523	0	0	0.720	0	0.720
LRP5	WNT1	9606.ENSP00000294304	9606.ENSP00000293549	0	0	0.500	0	0.499
LRP5	ZNRF3	9606.ENSP00000294304	9606.ENSP00000443824	0	0	0.500	0	0.499
LRP5	WNT8B	9606.ENSP00000294304	9606.ENSP00000340677	0	0	0.500	0	0.499
LRP5	RNF43	9606.ENSP00000294304	9606.ENSP00000463069	0	0	0.500	0	0.499
LRP5	WNT8A	9606.ENSP00000294304	9606.ENSP00000426653	0	0	0.500	0	0.499
LRP5	SOST	9606.ENSP00000294304	9606.ENSP00000301691	0	0.457	0.700	0	0.830
LRP6	WNT3	9606.ENSP00000261349	9606.ENSP00000225512	0	0.405	0.720	0	0.826
LRP6	RNF43	9606.ENSP00000261349	9606.ENSP00000463069	0	0	0.500	0	0.499
LRP6	WNT8B	9606.ENSP00000261349	9606.ENSP00000340677	0	0	0.500	0	0.499
LRP6	WNT8A	9606.ENSP00000261349	9606.ENSP00000426653	0	0	0.500	0	0.499
LRP6	ZNRF3	9606.ENSP00000261349	9606.ENSP00000443824	0	0.292	0.500	0	0.630
LRP6	WNT2	9606.ENSP00000261349	9606.ENSP00000265441	0	0	0.540	0	0.540
LRP6	WNT1	9606.ENSP00000261349	9606.ENSP00000293549	0	0.292	0.500	0	0.630
LRP6	WNT3A	9606.ENSP00000261349	9606.ENSP00000284523	0	0.514	0.800	0	0.898
LRP6	SOST	9606.ENSP00000261349	9606.ENSP00000301691	0	0.960	0.700	0	0.987
MAP3K7	RUVBL1	9606.ENSP00000358335	9606.ENSP00000318297	0	0.548	0	0	0.548
MAP3K7	MAPK8	9606.ENSP00000358335	9606.ENSP00000378974	0	0.457	0	0	0.457
MAP3K7	NLK	9606.ENSP00000358335	9606.ENSP00000384625	0	0.548	0	0	0.548
MAPK8	TP53	9606.ENSP00000378974	9606.ENSP00000269305	0	0.457	0	0	0.457
MAPK8	NFATC3	9606.ENSP00000378974	9606.ENSP00000300659	0	0.923	0	0	0.923
MAPK8	RHOA	9606.ENSP00000378974	9606.ENSP00000400175	0	0.657	0	0	0.657
MAPK8	MAPK9	9606.ENSP00000378974	9606.ENSP00000394560	0	0.734	0.900	0	0.972
MAPK9	TP53	9606.ENSP00000394560	9606.ENSP00000269305	0	0.457	0	0	0.457
MAPK9	NFATC2	9606.ENSP00000394560	9606.ENSP00000379330	0	0.488	0	0	0.488
MYC	SKP1	9606.ENSP00000478887	9606.ENSP00000231487	0	0.886	0	0	0.886
MYC	RUVBL1	9606.ENSP00000478887	9606.ENSP00000318297	0	0.457	0	0	0.457
NFATC1	PPP3R1	9606.ENSP00000389377	9606.ENSP00000234310	0	0.944	0.500	0	0.970
NFATC1	NFATC3	9606.ENSP00000389377	9606.ENSP00000300659	0	0	0.900	0	0.900
NFATC1	PPP3CB	9606.ENSP00000389377	9606.ENSP00000378306	0	0	0.500	0	0.499
NFATC1	PPP3CA	9606.ENSP00000389377	9606.ENSP00000378323	0	0.952	0.500	0	0.974
NFATC1	NFATC2	9606.ENSP00000389377	9606.ENSP00000379330	0	0.166	0.900	0	0.913
NFATC1	PPP3R2	9606.ENSP00000389377	9606.ENSP00000498330	0	0.433	0	0	0.433
NFATC2	PPP3R1	9606.ENSP00000379330	9606.ENSP00000234310	0	0	0.500	0	0.499
NFATC2	NFATC3	9606.ENSP00000379330	9606.ENSP00000300659	0	0	0.900	0	0.900
NFATC2	PPP3CB	9606.ENSP00000379330	9606.ENSP00000378306	0	0	0.500	0	0.499
NFATC2	PPP3CA	9606.ENSP00000379330	9606.ENSP00000378323	0	0.405	0.500	0	0.689
NFATC2	NFATC4	9606.ENSP00000379330	9606.ENSP00000388910	0	0	0.900	0	0.900
NFATC3	PPP3R1	9606.ENSP00000300659	9606.ENSP00000234310	0	0	0.500	0	0.499
NFATC3	PPP3CA	9606.ENSP00000300659	9606.ENSP00000378323	0	0	0.500	0	0.499
NFATC3	PPP3CB	9606.ENSP00000300659	9606.ENSP00000378306	0	0	0.500	0	0.499
NFATC3	NFATC4	9606.ENSP00000300659	9606.ENSP00000388910	0	0	0.900	0	0.900
NFATC4	PPP3CA	9606.ENSP00000388910	9606.ENSP00000378323	0	0.401	0	0	0.400
NKD1	PPP3R1	9606.ENSP00000268459	9606.ENSP00000234310	0	0	0.720	0	0.720
NKD1	PPP3CC	9606.ENSP00000268459	9606.ENSP00000380878	0	0	0.540	0	0.540
NKD1	PPP3R2	9606.ENSP00000268459	9606.ENSP00000498330	0	0	0.540	0	0.540
NKD1	PPP3CB	9606.ENSP00000268459	9606.ENSP00000378306	0	0	0.720	0	0.720
NKD1	PPP3CA	9606.ENSP00000268459	9606.ENSP00000378323	0	0	0.720	0	0.720
NKD1	NKD2	9606.ENSP00000268459	9606.ENSP00000296849	0	0	0.900	0	0.900
NOTUM	WNT7A	9606.ENSP00000387310	9606.ENSP00000285018	0	0.488	0	0	0.487
PLCB1	PLCB2	9606.ENSP00000338185	9606.ENSP00000260402	0	0	0.500	0	0.499
PLCB1	PLCB4	9606.ENSP00000338185	9606.ENSP00000367762	0	0	0.500	0	0.499
PLCB1	PLCB3	9606.ENSP00000338185	9606.ENSP00000443631	0	0	0.500	0	0.499
PLCB2	PLCB4	9606.ENSP00000260402	9606.ENSP00000367762	0	0	0.500	0	0.499
PLCB2	PLCB3	9606.ENSP00000260402	9606.ENSP00000443631	0	0	0.500	0	0.499
PLCB2	RAC3	9606.ENSP00000260402	9606.ENSP00000304283	0	0.900	0	0	0.900
PLCB3	PLCB4	9606.ENSP00000443631	9606.ENSP00000367762	0	0	0.500	0	0.499
PPP3CA	PPP3R1	9606.ENSP00000378323	9606.ENSP00000234310	0	0.977	0.900	0	0.997
PPP3CA	PPP3CB	9606.ENSP00000378323	9606.ENSP00000378306	0	0.610	0.900	0	0.959
PPP3CA	PPP3CC	9606.ENSP00000378323	9606.ENSP00000380878	0	0	0.900	0	0.900
PPP3CA	PPP3R2	9606.ENSP00000378323	9606.ENSP00000498330	0	0.728	0.900	0	0.971
PPP3CB	PPP3R1	9606.ENSP00000378306	9606.ENSP00000234310	0	0.774	0.900	0	0.976
PPP3CB	PPP3R2	9606.ENSP00000378306	9606.ENSP00000498330	0	0.713	0.900	0	0.970
PPP3CB	PPP3CC	9606.ENSP00000378306	9606.ENSP00000380878	0	0.665	0.900	0	0.965
PPP3CC	PPP3R1	9606.ENSP00000380878	9606.ENSP00000234310	0	0.782	0.900	0	0.977
PPP3CC	PPP3R2	9606.ENSP00000380878	9606.ENSP00000498330	0	0.610	0.900	0	0.959
PPP3R1	PPP3R2	9606.ENSP00000234310	9606.ENSP00000498330	0	0.074	0.900	0	0.903
PRICKLE1	VANGL1	9606.ENSP00000345064	9606.ENSP00000347672	0	0	0.900	0	0.900
PRICKLE1	VANGL2	9606.ENSP00000345064	9606.ENSP00000357040	0	0	0.900	0	0.900
PRICKLE2	VANGL1	9606.ENSP00000492363	9606.ENSP00000347672	0	0	0.900	0	0.900
PRICKLE2	VANGL2	9606.ENSP00000492363	9606.ENSP00000357040	0	0	0.900	0	0.900
PRICKLE3	VANGL1	9606.ENSP00000470248	9606.ENSP00000347672	0	0.225	0.900	0	0.919
PRICKLE3	VANGL2	9606.ENSP00000470248	9606.ENSP00000357040	0	0	0.900	0	0.900
PRICKLE4	RAC3	9606.ENSP00000404911	9606.ENSP00000304283	0	0	0.540	0	0.540
PRICKLE4	VANGL1	9606.ENSP00000404911	9606.ENSP00000347672	0	0	0.900	0	0.900
PRICKLE4	VANGL2	9606.ENSP00000404911	9606.ENSP00000357040	0	0	0.900	0	0.900
PRKACA	PSEN1	9606.ENSP00000309591	9606.ENSP00000326366	0	0	0.900	0	0.900
PRKACA	PRKACB	9606.ENSP00000309591	9606.ENSP00000359719	0	0.655	0.900	0	0.964
PRKACA	PRKACG	9606.ENSP00000309591	9606.ENSP00000366488	0	0.669	0.900	0	0.965
PRKACB	PSEN1	9606.ENSP00000359719	9606.ENSP00000326366	0	0	0.900	0	0.900
PRKACB	PRKACG	9606.ENSP00000359719	9606.ENSP00000366488	0	0.614	0.900	0	0.959
PRKACG	PSEN1	9606.ENSP00000366488	9606.ENSP00000326366	0	0	0.900	0	0.900
PRKCA	PRKCG	9606.ENSP00000408695	9606.ENSP00000263431	0	0.603	0.900	0	0.958
PRKCA	PRKCB	9606.ENSP00000408695	9606.ENSP00000496129	0	0.596	0.900	0	0.957
PRKCB	PRKCG	9606.ENSP00000496129	9606.ENSP00000263431	0	0.452	0.900	0	0.942
RAC2	VANGL1	9606.ENSP00000249071	9606.ENSP00000347672	0	0.125	0.500	0	0.543
RAC2	RHOA	9606.ENSP00000249071	9606.ENSP00000400175	0	0.165	0.900	0	0.912
RAC2	RAC3	9606.ENSP00000249071	9606.ENSP00000304283	0	0.661	0.900	0	0.964
RAC3	VANGL1	9606.ENSP00000304283	9606.ENSP00000347672	0	0.125	0.500	0	0.543
RAC3	RHOA	9606.ENSP00000304283	9606.ENSP00000400175	0	0	0.900	0	0.900
RBX1	TP53	9606.ENSP00000216225	9606.ENSP00000269305	0	0.422	0	0	0.422
RBX1	SKP1	9606.ENSP00000216225	9606.ENSP00000231487	0	0.917	0.900	0	0.991
RHOA	ROCK2	9606.ENSP00000400175	9606.ENSP00000317985	0	0.469	0.900	0	0.944
RHOA	VANGL1	9606.ENSP00000400175	9606.ENSP00000347672	0	0.162	0.400	0	0.475
RNF43	RSPO4	9606.ENSP00000463069	9606.ENSP00000217260	0	0.054	0.500	0	0.506
RNF43	RSPO2	9606.ENSP00000463069	9606.ENSP00000276659	0	0.301	0.500	0	0.635
RNF43	WNT3A	9606.ENSP00000463069	9606.ENSP00000284523	0	0	0.500	0	0.499
RNF43	RSPO1	9606.ENSP00000463069	9606.ENSP00000348944	0	0.943	0.500	0	0.970
RNF43	RSPO3	9606.ENSP00000463069	9606.ENSP00000349131	0	0.054	0.500	0	0.506
RNF43	TCF7L2	9606.ENSP00000463069	9606.ENSP00000486891	0	0.457	0	0	0.457
ROR1	WNT5A	9606.ENSP00000360120	9606.ENSP00000264634	0	0.292	0.500	0	0.630
ROR1	ROR2	9606.ENSP00000360120	9606.ENSP00000364860	0	0.164	0.900	0	0.912
ROR2	WNT5A	9606.ENSP00000364860	9606.ENSP00000264634	0	0.041	0.800	0	0.800
ROR2	VANGL2	9606.ENSP00000364860	9606.ENSP00000357040	0	0	0.800	0	0.800
RSPO1	ZNRF3	9606.ENSP00000348944	9606.ENSP00000443824	0	0.671	0.500	0	0.828
RSPO2	ZNRF3	9606.ENSP00000276659	9606.ENSP00000443824	0	0.946	0.500	0	0.972
RSPO3	ZNRF3	9606.ENSP00000349131	9606.ENSP00000443824	0	0.490	0.500	0	0.734
RSPO4	ZNRF3	9606.ENSP00000217260	9606.ENSP00000443824	0	0.054	0.500	0	0.506
RUVBL1	TCF7L1	9606.ENSP00000318297	9606.ENSP00000282111	0	0	0.900	0	0.900
RUVBL1	TCF7	9606.ENSP00000318297	9606.ENSP00000340347	0	0	0.900	0	0.900
RUVBL1	TCF7L2	9606.ENSP00000318297	9606.ENSP00000486891	0	0	0.900	0	0.900
RYK	WNT3	9606.ENSP00000478721	9606.ENSP00000225512	0	0	0.500	0	0.499
RYK	WNT5A	9606.ENSP00000478721	9606.ENSP00000264634	0	0	0.800	0	0.800
RYK	WNT3A	9606.ENSP00000478721	9606.ENSP00000284523	0	0	0.500	0	0.499
RYK	WNT1	9606.ENSP00000478721	9606.ENSP00000293549	0	0	0.500	0	0.499
RYK	VANGL2	9606.ENSP00000478721	9606.ENSP00000357040	0	0	0.800	0	0.800
SFRP1	WNT3A	9606.ENSP00000220772	9606.ENSP00000284523	0	0.078	0.700	0	0.711
SFRP2	WNT3A	9606.ENSP00000274063	9606.ENSP00000284523	0	0.078	0.700	0	0.711
SKP1	TP53	9606.ENSP00000231487	9606.ENSP00000269305	0	0.420	0	0	0.420
SKP1	TBL1Y	9606.ENSP00000231487	9606.ENSP00000372499	0	0	0.900	0	0.900
SKP1	TBL1XR1	9606.ENSP00000231487	9606.ENSP00000405574	0	0	0.900	0	0.900
SKP1	TBL1X	9606.ENSP00000231487	9606.ENSP00000495556	0	0.292	0.900	0	0.926
SMAD3	TP53	9606.ENSP00000332973	9606.ENSP00000269305	0	0.457	0	0	0.457
SMAD3	SMAD4	9606.ENSP00000332973	9606.ENSP00000341551	0	0.963	0.900	0	0.996
SOX17	TCF7L1	9606.ENSP00000297316	9606.ENSP00000282111	0	0	0.500	0	0.499
SOX17	TCF7	9606.ENSP00000297316	9606.ENSP00000340347	0	0	0.500	0	0.499
SOX17	TCF7L2	9606.ENSP00000297316	9606.ENSP00000486891	0	0	0.500	0	0.499
TBL1X	TBL1Y	9606.ENSP00000495556	9606.ENSP00000372499	0	0.338	0.900	0	0.930
TBL1X	TBL1XR1	9606.ENSP00000495556	9606.ENSP00000405574	0	0.457	0.900	0	0.943
TBL1XR1	TBL1Y	9606.ENSP00000405574	9606.ENSP00000372499	0	0.415	0.900	0	0.938
TCF7	TCF7L1	9606.ENSP00000340347	9606.ENSP00000282111	0	0	0.900	0	0.900
TCF7	TCF7L2	9606.ENSP00000340347	9606.ENSP00000486891	0	0	0.900	0	0.900
TCF7L1	TCF7L2	9606.ENSP00000282111	9606.ENSP00000486891	0	0	0.900	0	0.900
VANGL1	VANGL2	9606.ENSP00000347672	9606.ENSP00000357040	0	0.457	0.900	0	0.943
VANGL2	WNT5A	9606.ENSP00000357040	9606.ENSP00000264634	0	0	0.800	0	0.800
WIF1	WNT5A	9606.ENSP00000286574	9606.ENSP00000264634	0	0.405	0.500	0	0.689
WIF1	WNT9A	9606.ENSP00000286574	9606.ENSP00000272164	0	0	0.500	0	0.499
WIF1	WNT3A	9606.ENSP00000286574	9606.ENSP00000284523	0	0	0.500	0	0.499
WIF1	WNT7A	9606.ENSP00000286574	9606.ENSP00000285018	0	0.549	0	0	0.549
WIF1	WNT11	9606.ENSP00000286574	9606.ENSP00000325526	0	0.405	0	0	0.404
WIF1	WNT4	9606.ENSP00000286574	9606.ENSP00000290167	0	0	0.500	0	0.499
WNT1	WNT4	9606.ENSP00000293549	9606.ENSP00000290167	0	0	0.900	0	0.900
WNT11	WNT16	9606.ENSP00000325526	9606.ENSP00000222462	0	0.639	0	0	0.639
WNT16	WNT5A	9606.ENSP00000222462	9606.ENSP00000264634	0	0.450	0	0	0.450
WNT2	WNT3	9606.ENSP00000265441	9606.ENSP00000225512	0	0	0.540	0	0.540
WNT3	WNT3A	9606.ENSP00000225512	9606.ENSP00000284523	0	0.484	0.900	0	0.946
WNT3A	ZNRF3	9606.ENSP00000284523	9606.ENSP00000443824	0	0	0.500	0	0.499
WNT4	WNT5A	9606.ENSP00000290167	9606.ENSP00000264634	0	0.520	0	0	0.520
WNT4	WNT7B	9606.ENSP00000290167	9606.ENSP00000341032	0	0.421	0	0	0.420
WNT5A	WNT7A	9606.ENSP00000264634	9606.ENSP00000285018	0	0.443	0	0	0.443
WNT5A	WNT5B	9606.ENSP00000264634	9606.ENSP00000380379	0	0.586	0.900	0	0.956
